text,emoji,label,injection_type
"so without further ado, to welcome our newest part-time employee, emma dubanowski.",,Introduce,Plain
"so without further ado, to welcome our newest part-time employee, emma dubanowski.",👍,Introduce,Consonant
"so without further ado, to welcome our newest part-time employee, emma dubanowski.",🙄,Introduce,Dissonant
"oh, i keep a copy of all the photos employees get developed here.",,Inform,Plain
"oh, i keep a copy of all the photos employees get developed here.",💔,Inform,Consonant
"oh, i keep a copy of all the photos employees get developed here.",😊,Inform,Dissonant
"you don't have any of my photos, because i don't pose for them.",,Explain,Plain
"you don't have any of my photos, because i don't pose for them.",😩,Explain,Consonant
"you don't have any of my photos, because i don't pose for them.",🙂,Explain,Dissonant
"anyway, over the years, we've watched amy's daughter emma grow.",,Inform,Plain
"anyway, over the years, we've watched amy's daughter emma grow.",💯,Inform,Consonant
"anyway, over the years, we've watched amy's daughter emma grow.",😒,Inform,Dissonant
"oh, also, starting today is kelly watson.",,Inform,Plain
"oh, also, starting today is kelly watson.",😊,Inform,Consonant
"oh, also, starting today is kelly watson.",😐,Inform,Dissonant
"hi, everyone.",,Greet,Plain
"hi, everyone.",👍,Greet,Consonant
"hi, everyone.",😒,Greet,Dissonant
"oh, excuse me.",,Greet,Plain
"oh, excuse me.",😠,Greet,Consonant
"oh, excuse me.",😇,Greet,Dissonant
"um, i don't know his name, and an amazing butt?",,Ask for help,Plain
"um, i don't know his name, and an amazing butt?",😞,Ask for help,Consonant
"um, i don't know his name, and an amazing butt?",🙂,Ask for help,Dissonant
"okay. well, thank you.",,Thank,Plain
"okay. well, thank you.",🥰,Thank,Consonant
"okay. well, thank you.",😒,Thank,Dissonant
"oh, i just like flirting with him.",,Explain,Plain
"oh, i just like flirting with him.",😊,Explain,Consonant
"oh, i just like flirting with him.",😐,Explain,Dissonant
"i mean, just because you're not gonna buy doesn't mean you can't check out the merchandise, right?",,Confirm,Plain
"i mean, just because you're not gonna buy doesn't mean you can't check out the merchandise, right?",😠,Confirm,Consonant
"i mean, just because you're not gonna buy doesn't mean you can't check out the merchandise, right?",😇,Confirm,Dissonant
ew. so are you just gonna stand there till he comes out?,,Confirm,Plain
ew. so are you just gonna stand there till he comes out?,😞,Confirm,Consonant
ew. so are you just gonna stand there till he comes out?,😊,Confirm,Dissonant
this whole job is standing places.,,Introduce,Plain
this whole job is standing places.,🥂,Introduce,Consonant
this whole job is standing places.,🙃,Introduce,Dissonant
okay.,,Agree,Plain
okay.,✨,Agree,Consonant
okay.,🙃,Agree,Dissonant
"dina, i'm with a customer right now.",,Inform,Plain
"dina, i'm with a customer right now.",😂,Inform,Consonant
"dina, i'm with a customer right now.",😒,Inform,Dissonant
oh. i'm sorry.,,Apologise,Plain
oh. i'm sorry.,👎,Apologise,Consonant
oh. i'm sorry.,😇,Apologise,Dissonant
"step back, please. can i just put this-step back.",,Arrange,Plain
"step back, please. can i just put this-step back.",😡,Arrange,Consonant
"step back, please. can i just put this-step back.",😊,Arrange,Dissonant
"i have been experiencing some anxiety recently, and...",,Complain,Plain
"i have been experiencing some anxiety recently, and...",💔,Complain,Consonant
"i have been experiencing some anxiety recently, and...",😊,Complain,Dissonant
"okay. well, um, maybe we just take a little break.",,Advise,Plain
"okay. well, um, maybe we just take a little break.",👎,Advise,Consonant
"okay. well, um, maybe we just take a little break.",😅,Advise,Dissonant
oh.,,Acknowledge,Plain
oh.,🔥,Acknowledge,Consonant
oh.,😐,Acknowledge,Dissonant
"yeah, that would probably be good.",,Agree,Plain
"yeah, that would probably be good.",😂,Agree,Consonant
"yeah, that would probably be good.",🙄,Agree,Dissonant
we can't take that back if it's broken.,,Warn,Plain
we can't take that back if it's broken.,😩,Warn,Consonant
we can't take that back if it's broken.,😇,Warn,Dissonant
"okay. so flip, flip, voilà. got it?",,Confirm,Plain
"okay. so flip, flip, voilà. got it?",✨,Confirm,Consonant
"okay. so flip, flip, voilà. got it?",😐,Confirm,Dissonant
relax. it's just dad.,,Explain,Plain
relax. it's just dad.,😂,Explain,Consonant
relax. it's just dad.,🙄,Explain,Dissonant
"uh, inside joke. you wouldn't get it.",,Taunt,Plain
"uh, inside joke. you wouldn't get it.",😞,Taunt,Consonant
"uh, inside joke. you wouldn't get it.",😅,Taunt,Dissonant
"uh, inside joke. you wouldn't get it.",🤣,Taunt,Social
it was just something that happened at six flags.,,Explain,Plain
it was just something that happened at six flags.,🥀,Explain,Consonant
it was just something that happened at six flags.,😊,Explain,Dissonant
"um, is--is this right?",,Confirm,Plain
"um, is--is this right?",❤️,Confirm,Consonant
"um, is--is this right?",🙃,Confirm,Dissonant
oh.,,Acknowledge,Plain
oh.,🥰,Acknowledge,Consonant
oh.,💀,Acknowledge,Dissonant
"no, i mean, obviously, i want her to love her dad, and all of a sudden, they're like besties.",,Explain,Plain
"no, i mean, obviously, i want her to love her dad, and all of a sudden, they're like besties.",😊,Explain,Consonant
"no, i mean, obviously, i want her to love her dad, and all of a sudden, they're like besties.",🙄,Explain,Dissonant
i thought latinos don't care if their kids like them.,,Taunt,Plain
i thought latinos don't care if their kids like them.,👎,Taunt,Consonant
i thought latinos don't care if their kids like them.,😅,Taunt,Dissonant
i thought latinos don't care if their kids like them.,🙃,Taunt,Social
i really think you're painting with too broad a cultural brush here.,,Taunt,Plain
i really think you're painting with too broad a cultural brush here.,💔,Taunt,Consonant
i really think you're painting with too broad a cultural brush here.,😊,Taunt,Dissonant
i really think you're painting with too broad a cultural brush here.,🤣,Taunt,Social
you're an intense mom.,,Taunt,Plain
you're an intense mom.,✨,Taunt,Consonant
you're an intense mom.,🙄,Taunt,Dissonant
you're an intense mom.,🤡,Taunt,Social
i do not want to be around when emma starts dating.,,Taunt,Plain
i do not want to be around when emma starts dating.,😩,Taunt,Consonant
i do not want to be around when emma starts dating.,👋,Taunt,Dissonant
i do not want to be around when emma starts dating.,🙃,Taunt,Social
why would you even mention that?,,Criticize,Plain
why would you even mention that?,😢,Criticize,Consonant
why would you even mention that?,😅,Criticize,Dissonant
hey.,,Greet,Plain
hey.,👍,Greet,Consonant
hey.,😐,Greet,Dissonant
hey...garrett.,,Greet,Plain
hey...garrett.,🔥,Greet,Consonant
hey...garrett.,🙃,Greet,Dissonant
"how's it going, big guy?",,Care,Plain
"how's it going, big guy?",😠,Care,Consonant
"how's it going, big guy?",😅,Care,Dissonant
you could join us if you want.,,Invite,Plain
you could join us if you want.,👍,Invite,Consonant
you could join us if you want.,💀,Invite,Dissonant
"well, you know, 'cause of what happened.",,Explain,Plain
"well, you know, 'cause of what happened.",👎,Explain,Consonant
"well, you know, 'cause of what happened.",😊,Explain,Dissonant
you are going to find someone so great.,,Comfort,Plain
you are going to find someone so great.,🥰,Comfort,Consonant
you are going to find someone so great.,😒,Comfort,Dissonant
i like the enthusiasm!,,Praise,Plain
i like the enthusiasm!,🙌,Praise,Consonant
i like the enthusiasm!,😐,Praise,Dissonant
so how's school? what's going on?,,Care,Plain
so how's school? what's going on?,👎,Care,Consonant
so how's school? what's going on?,😊,Care,Dissonant
hot goss?,,Confirm,Plain
hot goss?,😢,Confirm,Consonant
hot goss?,😇,Confirm,Dissonant
"you know what i mean. come on, spill it, girl.",,Advise,Plain
"you know what i mean. come on, spill it, girl.",😠,Advise,Consonant
"you know what i mean. come on, spill it, girl.",😊,Advise,Dissonant
excuse me. you were gonna check to see if you had any floor cleaner in the back?,,Confirm,Plain
excuse me. you were gonna check to see if you had any floor cleaner in the back?,😞,Confirm,Consonant
excuse me. you were gonna check to see if you had any floor cleaner in the back?,😅,Confirm,Dissonant
"listen, if you don't feel like doing something, don't waste my time.",,Warn,Plain
"listen, if you don't feel like doing something, don't waste my time.",🤦,Warn,Consonant
"listen, if you don't feel like doing something, don't waste my time.",👋,Warn,Dissonant
"excuse me, sir.",,Criticize,Plain
"excuse me, sir.",👎,Criticize,Consonant
"excuse me, sir.",🙂,Criticize,Dissonant
who even uses floor cleaner anymore?,,Taunt,Plain
who even uses floor cleaner anymore?,😠,Taunt,Consonant
who even uses floor cleaner anymore?,😅,Taunt,Dissonant
who even uses floor cleaner anymore?,🙃,Taunt,Social
"what are you, an orderly from the '50s?",,Taunt,Plain
"what are you, an orderly from the '50s?",💔,Taunt,Consonant
"what are you, an orderly from the '50s?",😅,Taunt,Dissonant
"what are you, an orderly from the '50s?",👏,Taunt,Social
wow.,,Praise,Plain
wow.,👍,Praise,Consonant
wow.,😐,Praise,Dissonant
that was awesome.,,Praise,Plain
that was awesome.,💯,Praise,Consonant
that was awesome.,😒,Praise,Dissonant
i can be awesome.,,Flaunt,Plain
i can be awesome.,🔥,Flaunt,Consonant
i can be awesome.,💀,Flaunt,Dissonant
i can be awesome.,💸,Flaunt,Social
no wonder this country's a garbage fire.,,Complain,Plain
no wonder this country's a garbage fire.,😠,Complain,Consonant
no wonder this country's a garbage fire.,😊,Complain,Dissonant
"because she asked me,  what's new with you,  and so i told her.",,Explain,Plain
"because she asked me,  what's new with you,  and so i told her.",👍,Explain,Consonant
"because she asked me,  what's new with you,  and so i told her.",🙃,Explain,Dissonant
"okay, but you didn't break up with me.",,Emphasize,Plain
"okay, but you didn't break up with me.",✨,Emphasize,Consonant
"okay, but you didn't break up with me.",🙄,Emphasize,Dissonant
"well, there you go, champ.",,Taunt,Plain
"well, there you go, champ.",😂,Taunt,Consonant
"well, there you go, champ.",💀,Taunt,Dissonant
"well, there you go, champ.",🙃,Taunt,Social
i'm sorry. do you know what a softline is?,,Ask for help,Plain
i'm sorry. do you know what a softline is?,💔,Ask for help,Consonant
i'm sorry. do you know what a softline is?,😊,Ask for help,Dissonant
i don't have time for this.,,Leave,Plain
i don't have time for this.,🤦,Leave,Consonant
i don't have time for this.,😊,Leave,Dissonant
excuse me.,,Greet,Plain
excuse me.,😢,Greet,Consonant
excuse me.,😅,Greet,Dissonant
do you know what a softline is?,,Ask for help,Plain
do you know what a softline is?,😞,Ask for help,Consonant
do you know what a softline is?,👋,Ask for help,Dissonant
i don't live here. i'm from tampa.,,Leave,Plain
i don't live here. i'm from tampa.,😭,Leave,Consonant
i don't live here. i'm from tampa.,🙂,Leave,Dissonant
"oh, uh, no, you're not done.",,Inform,Plain
"oh, uh, no, you're not done.",😢,Inform,Consonant
"oh, uh, no, you're not done.",🙂,Inform,Dissonant
"well, because the floor is still slippery.",,Explain,Plain
"well, because the floor is still slippery.",😡,Explain,Consonant
"well, because the floor is still slippery.",🙂,Explain,Dissonant
okay. fine.,,Agree,Plain
okay. fine.,💯,Agree,Consonant
okay. fine.,🙃,Agree,Dissonant
how about you and i go get a soda?,,Invite,Plain
how about you and i go get a soda?,😠,Invite,Consonant
how about you and i go get a soda?,😅,Invite,Dissonant
and then she's not doing her homework.,,Criticize,Plain
and then she's not doing her homework.,😭,Criticize,Consonant
and then she's not doing her homework.,👋,Criticize,Dissonant
and then she's hanging out with the bad kids.,,Criticize,Plain
and then she's hanging out with the bad kids.,😡,Criticize,Consonant
and then she's hanging out with the bad kids.,👋,Criticize,Dissonant
"yes. actually, yeah. that would be great.",,Agree,Plain
"yes. actually, yeah. that would be great.",😂,Agree,Consonant
"yes. actually, yeah. that would be great.",🙃,Agree,Dissonant
"oh, no, no, no, no. i was just kidding.",,Explain,Plain
"oh, no, no, no, no. i was just kidding.",😢,Explain,Consonant
"oh, no, no, no, no. i was just kidding.",😇,Explain,Dissonant
"oh.   hey, um, you think i could get that badge for the bathroom again?",,Ask for help,Plain
"oh.   hey, um, you think i could get that badge for the bathroom again?",😞,Ask for help,Consonant
"oh.   hey, um, you think i could get that badge for the bathroom again?",👋,Ask for help,Dissonant
"i would love to, um, but i could actually get into trouble with my boss.",,Explain,Plain
"i would love to, um, but i could actually get into trouble with my boss.",😡,Explain,Consonant
"i would love to, um, but i could actually get into trouble with my boss.",👋,Explain,Dissonant
oh.,,Acknowledge,Plain
oh.,😊,Acknowledge,Consonant
oh.,🙃,Acknowledge,Dissonant
"yeah, i mean, i am a bad boy, but not that way.",,Explain,Plain
"yeah, i mean, i am a bad boy, but not that way.",🤦,Explain,Consonant
"yeah, i mean, i am a bad boy, but not that way.",😊,Explain,Dissonant
i'm sorry about before.,,Apologise,Plain
i'm sorry about before.,😩,Apologise,Consonant
i'm sorry about before.,🙂,Apologise,Dissonant
"i hadn't eaten anything, and, uh, i got a weird call from my wife.",,Explain,Plain
"i hadn't eaten anything, and, uh, i got a weird call from my wife.",🥀,Explain,Consonant
"i hadn't eaten anything, and, uh, i got a weird call from my wife.",😅,Explain,Dissonant
"okay, let me stop you right there.",,Prevent,Plain
"okay, let me stop you right there.",🥰,Prevent,Consonant
"okay, let me stop you right there.",🙄,Prevent,Dissonant
i was wrong for yelling at you earlier.,,Apologise,Plain
i was wrong for yelling at you earlier.,😞,Apologise,Consonant
i was wrong for yelling at you earlier.,👋,Apologise,Dissonant
okay.,,Acknowledge,Plain
okay.,🔥,Acknowledge,Consonant
okay.,🙄,Acknowledge,Dissonant
"so if you wanted to, like, go over there and really give it to her, that would be fine.",,Advise,Plain
"so if you wanted to, like, go over there and really give it to her, that would be fine.",👍,Advise,Consonant
"so if you wanted to, like, go over there and really give it to her, that would be fine.",😐,Advise,Dissonant
"obviously, don't hit her, but if you wanted to shake her a little, that would be cool.",,Advise,Plain
"obviously, don't hit her, but if you wanted to shake her a little, that would be cool.",🔥,Advise,Consonant
"obviously, don't hit her, but if you wanted to shake her a little, that would be cool.",😐,Advise,Dissonant
i'm not gonna shake a little girl.,,Oppose,Plain
i'm not gonna shake a little girl.,😞,Oppose,Consonant
i'm not gonna shake a little girl.,😇,Oppose,Dissonant
"no, no, i'm her mom. i'm not gonna report it.",,Explain,Plain
"no, no, i'm her mom. i'm not gonna report it.",😞,Explain,Consonant
"no, no, i'm her mom. i'm not gonna report it.",👋,Explain,Dissonant
it's a can.,,Introduce,Plain
it's a can.,🙌,Introduce,Consonant
it's a can.,💀,Introduce,Dissonant
"sure, yeah, yeah, it's a can, we don't really organize things here by shape.",,Explain,Plain
"sure, yeah, yeah, it's a can, we don't really organize things here by shape.",🤦,Explain,Consonant
"sure, yeah, yeah, it's a can, we don't really organize things here by shape.",😇,Explain,Dissonant
"n-no, not--no. no!",,Oppose,Plain
"n-no, not--no. no!",😡,Oppose,Consonant
"n-no, not--no. no!",😅,Oppose,Dissonant
you got to put that phone away too.,,Arrange,Plain
you got to put that phone away too.,👎,Arrange,Consonant
you got to put that phone away too.,😊,Arrange,Dissonant
you're not my boss.,,Oppose,Plain
you're not my boss.,👎,Oppose,Consonant
you're not my boss.,😊,Oppose,Dissonant
what--what is wrong with you? she's a child!,,Criticize,Plain
what--what is wrong with you? she's a child!,😩,Criticize,Consonant
what--what is wrong with you? she's a child!,😅,Criticize,Dissonant
"not so hot, huh?",,Criticize,Plain
"not so hot, huh?",😞,Criticize,Consonant
"not so hot, huh?",👋,Criticize,Dissonant
can i ask you something?,,Ask for help,Plain
can i ask you something?,😡,Ask for help,Consonant
can i ask you something?,😊,Ask for help,Dissonant
bathroom pass?,,Confirm,Plain
bathroom pass?,👎,Confirm,Consonant
bathroom pass?,👋,Confirm,Dissonant
you seem like you are way too pretty to be working here.,,Praise,Plain
you seem like you are way too pretty to be working here.,💔,Praise,Consonant
you seem like you are way too pretty to be working here.,😅,Praise,Dissonant
you have a nice smile.,,Praise,Plain
you have a nice smile.,🥂,Praise,Consonant
you have a nice smile.,😒,Praise,Dissonant
you--you have a nice smile.,,Praise,Plain
you--you have a nice smile.,💯,Praise,Consonant
you--you have a nice smile.,💀,Praise,Dissonant
"i, uh--i messed up before. i'm sorry.",,Apologise,Plain
"i, uh--i messed up before. i'm sorry.",🥀,Apologise,Consonant
"i, uh--i messed up before. i'm sorry.",😊,Apologise,Dissonant
"i-i was listening, but i wasn't really hearing.",,Explain,Plain
"i-i was listening, but i wasn't really hearing.",😩,Explain,Consonant
"i-i was listening, but i wasn't really hearing.",😅,Explain,Dissonant
"tonight, gonna pop open a couple brewskis, we're gonna get ourselves a nice pie--pizza pie, and we are gonna watch ourselves a little movie called  bad boys 2  and get you through this breakup thing roomie-style.",,Plan,Plain
"tonight, gonna pop open a couple brewskis, we're gonna get ourselves a nice pie--pizza pie, and we are gonna watch ourselves a little movie called  bad boys 2  and get you through this breakup thing roomie-style.",👍,Plan,Consonant
"tonight, gonna pop open a couple brewskis, we're gonna get ourselves a nice pie--pizza pie, and we are gonna watch ourselves a little movie called  bad boys 2  and get you through this breakup thing roomie-style.",💀,Plan,Dissonant
all right. that's enough.,,Agree,Plain
all right. that's enough.,😂,Agree,Consonant
all right. that's enough.,💀,Agree,Dissonant
"attention, cloud 9 employees!",,Inform,Plain
"attention, cloud 9 employees!",💯,Inform,Consonant
"attention, cloud 9 employees!",😐,Inform,Dissonant
"dina did not break up with me, and actually, if you want to get real about it, it was my idea.",,Inform,Plain
"dina did not break up with me, and actually, if you want to get real about it, it was my idea.",🤦,Inform,Consonant
"dina did not break up with me, and actually, if you want to get real about it, it was my idea.",😇,Inform,Dissonant
i was trying to be a nice guy.,,Inform,Plain
i was trying to be a nice guy.,😡,Inform,Consonant
i was trying to be a nice guy.,👋,Inform,Dissonant
sorry about that.,,Apologise,Plain
sorry about that.,🤦,Apologise,Consonant
sorry about that.,😇,Apologise,Dissonant
please pretend you didn't hear that.,,Advise,Plain
please pretend you didn't hear that.,😠,Advise,Consonant
please pretend you didn't hear that.,😊,Advise,Dissonant
i'm gonna just put these back.,,Plan,Plain
i'm gonna just put these back.,😞,Plan,Consonant
i'm gonna just put these back.,😊,Plan,Dissonant
"oh, hey, is this where justine fell?",,Confirm,Plain
"oh, hey, is this where justine fell?",👎,Confirm,Consonant
"oh, hey, is this where justine fell?",🙂,Confirm,Dissonant
yeah.,,Agree,Plain
yeah.,❤️,Agree,Consonant
yeah.,🙄,Agree,Dissonant
i gotta write it up for her workman's comp claim.,,Plan,Plain
i gotta write it up for her workman's comp claim.,😞,Plan,Consonant
i gotta write it up for her workman's comp claim.,😊,Plan,Dissonant
do you think emma's doing okay?,,Confirm,Plain
do you think emma's doing okay?,🙌,Confirm,Consonant
do you think emma's doing okay?,😒,Confirm,Dissonant
i just feel like i'm losing control.,,Complain,Plain
i just feel like i'm losing control.,😢,Complain,Consonant
i just feel like i'm losing control.,😊,Complain,Dissonant
"amy, can i ask you something but without you taking it the wrong way?",,Confirm,Plain
"amy, can i ask you something but without you taking it the wrong way?",👎,Confirm,Consonant
"amy, can i ask you something but without you taking it the wrong way?",👋,Confirm,Dissonant
sure.,,Agree,Plain
sure.,🥂,Agree,Consonant
sure.,🙃,Agree,Dissonant
"when he smiles at you, it feels like the sun is coming up.",,Praise,Plain
"when he smiles at you, it feels like the sun is coming up.",😂,Praise,Consonant
"when he smiles at you, it feels like the sun is coming up.",😒,Praise,Dissonant
"well, scott is way cuter than jeff.",,Praise,Plain
"well, scott is way cuter than jeff.",🔥,Praise,Consonant
"well, scott is way cuter than jeff.",😐,Praise,Dissonant
i'm sorry.   love you.,,Apologise,Plain
i'm sorry.   love you.,✨,Apologise,Consonant
i'm sorry.   love you.,😒,Apologise,Dissonant
"i got carried away, and... it wasn't cool.",,Apologise,Plain
"i got carried away, and... it wasn't cool.",😭,Apologise,Consonant
"i got carried away, and... it wasn't cool.",👋,Apologise,Dissonant
are you saying you want to get back together?,,Confirm,Plain
are you saying you want to get back together?,😭,Confirm,Consonant
are you saying you want to get back together?,😅,Confirm,Dissonant
"i mean, is that crazy?",,Confirm,Plain
"i mean, is that crazy?",😠,Confirm,Consonant
"i mean, is that crazy?",😅,Confirm,Dissonant
i don't think so. let's do it.,,Advise,Plain
i don't think so. let's do it.,🤦,Advise,Consonant
i don't think so. let's do it.,😇,Advise,Dissonant
okay.,,Agree,Plain
okay.,🥂,Agree,Consonant
okay.,🙄,Agree,Dissonant
"yeah, this isn't working out. i'm dumping you.",,Oppose,Plain
"yeah, this isn't working out. i'm dumping you.",😭,Oppose,Consonant
"yeah, this isn't working out. i'm dumping you.",👋,Oppose,Dissonant
"sir, did you just see that i dumped him?",,Confirm,Plain
"sir, did you just see that i dumped him?",😢,Confirm,Consonant
"sir, did you just see that i dumped him?",😊,Confirm,Dissonant
"attention, cloud 9 employees.",,Inform,Plain
"attention, cloud 9 employees.",🥰,Inform,Consonant
"attention, cloud 9 employees.",💀,Inform,Dissonant
we have a nonverbal confirmation i dumped garrett.,,Inform,Plain
we have a nonverbal confirmation i dumped garrett.,😭,Inform,Consonant
we have a nonverbal confirmation i dumped garrett.,😇,Inform,Dissonant
you're a monster.,,Criticize,Plain
you're a monster.,😭,Criticize,Consonant
you're a monster.,🙂,Criticize,Dissonant
hey!,,Greet,Plain
hey!,😂,Greet,Consonant
hey!,💀,Greet,Dissonant
"um, just some stuff.",,Explain,Plain
"um, just some stuff.",😠,Explain,Consonant
"um, just some stuff.",😅,Explain,Dissonant
yeah.,,Agree,Plain
yeah.,😊,Agree,Consonant
yeah.,😐,Agree,Dissonant
"well, you--put it back.",,Arrange,Plain
"well, you--put it back.",🤦,Arrange,Consonant
"well, you--put it back.",🙂,Arrange,Dissonant
"uh, i don't think i'm gonna.",,Oppose,Plain
"uh, i don't think i'm gonna.",💔,Oppose,Consonant
"uh, i don't think i'm gonna.",😊,Oppose,Dissonant
"wh--well, i caught you, so, y-you have to.",,Explain,Plain
"wh--well, i caught you, so, y-you have to.",❤️,Explain,Consonant
"wh--well, i caught you, so, y-you have to.",🙃,Explain,Dissonant
but th-that's how this works.,,Emphasize,Plain
but th-that's how this works.,❤️,Emphasize,Consonant
but th-that's how this works.,😐,Emphasize,Dissonant
"no, don't just--no. don't take more.",,Prevent,Plain
"no, don't just--no. don't take more.",😩,Prevent,Consonant
"no, don't just--no. don't take more.",👋,Prevent,Dissonant
do you have a gun?,,Confirm,Plain
do you have a gun?,💔,Confirm,Consonant
do you have a gun?,👋,Confirm,Dissonant
"uh, i-i don't think you do.",,Oppose,Plain
"uh, i-i don't think you do.",😞,Oppose,Consonant
"uh, i-i don't think you do.",😇,Oppose,Dissonant
okay. excuse me.,,Leave,Plain
okay. excuse me.,😩,Leave,Consonant
okay. excuse me.,😇,Leave,Dissonant
oh. wait!,,Prevent,Plain
oh. wait!,😠,Prevent,Consonant
oh. wait!,🙂,Prevent,Dissonant
"no, no, no, no! no, he--no.",,Prevent,Plain
"no, no, no, no! no, he--no.",😭,Prevent,Consonant
"no, no, no, no! no, he--no.",😇,Prevent,Dissonant
"jonah, call the police! right.",,Arrange,Plain
"jonah, call the police! right.",😂,Arrange,Consonant
"jonah, call the police! right.",😐,Arrange,Dissonant
look who's grounded now.,,Taunt,Plain
look who's grounded now.,🔥,Taunt,Consonant
look who's grounded now.,😐,Taunt,Dissonant
look who's grounded now.,🙃,Taunt,Social
"jonah, i just did a  law & order  type zinger.",,Flaunt,Plain
"jonah, i just did a  law & order  type zinger.",🤦,Flaunt,Consonant
"jonah, i just did a  law & order  type zinger.",😇,Flaunt,Dissonant
"jonah, i just did a  law & order  type zinger.",🚀,Flaunt,Social
i saw immediately it was a 487 in progress.,,Flaunt,Plain
i saw immediately it was a 487 in progress.,👍,Flaunt,Consonant
i saw immediately it was a 487 in progress.,🙄,Flaunt,Dissonant
i saw immediately it was a 487 in progress.,💸,Flaunt,Social
"i don't know what he could have done to you beforehand, but it is not your fault if he touched you.",,Comfort,Plain
"i don't know what he could have done to you beforehand, but it is not your fault if he touched you.",✨,Comfort,Consonant
"i don't know what he could have done to you beforehand, but it is not your fault if he touched you.",😐,Comfort,Dissonant
"okay, okay. nothing happened.",,Explain,Plain
"okay, okay. nothing happened.",😠,Explain,Consonant
"okay, okay. nothing happened.",😅,Explain,Dissonant
end of story.,,Inform,Plain
end of story.,🥀,Inform,Consonant
end of story.,👋,Inform,Dissonant
and you made no attempt to stop him?,,Doubt,Plain
and you made no attempt to stop him?,💯,Doubt,Consonant
and you made no attempt to stop him?,💀,Doubt,Dissonant
"no, i mean, i told him to stop, but he didn't.",,Explain,Plain
"no, i mean, i told him to stop, but he didn't.",😢,Explain,Consonant
"no, i mean, i told him to stop, but he didn't.",😅,Explain,Dissonant
"he asked you to move out of the way so he could leave with the cash, and you just did it?",,Confirm,Plain
"he asked you to move out of the way so he could leave with the cash, and you just did it?",😭,Confirm,Consonant
"he asked you to move out of the way so he could leave with the cash, and you just did it?",😇,Confirm,Dissonant
"so it was for of, like, a reflex.",,Explain,Plain
"so it was for of, like, a reflex.",😠,Explain,Consonant
"so it was for of, like, a reflex.",🙂,Explain,Dissonant
"oh, so are you just going to be calm when a group of methed-out serial killers stabs myrtle to death in the parking lot?",,Doubt,Plain
"oh, so are you just going to be calm when a group of methed-out serial killers stabs myrtle to death in the parking lot?",💔,Doubt,Consonant
"oh, so are you just going to be calm when a group of methed-out serial killers stabs myrtle to death in the parking lot?",🙂,Doubt,Dissonant
"no, because that would be a different tone.",,Explain,Plain
"no, because that would be a different tone.",😢,Explain,Consonant
"no, because that would be a different tone.",😅,Explain,Dissonant
is it about your boots?,,Confirm,Plain
is it about your boots?,😞,Confirm,Consonant
is it about your boots?,👋,Confirm,Dissonant
"uh, no.",,Oppose,Plain
"uh, no.",🤦,Oppose,Consonant
"uh, no.",😇,Oppose,Dissonant
"um, it's about this morning's incident.",,Explain,Plain
"um, it's about this morning's incident.",😩,Explain,Consonant
"um, it's about this morning's incident.",😊,Explain,Dissonant
is that when you bought your boots?,,Confirm,Plain
is that when you bought your boots?,🤦,Confirm,Consonant
is that when you bought your boots?,😅,Confirm,Dissonant
"what i'm saying is, don't do what dina did.",,Inform,Plain
"what i'm saying is, don't do what dina did.",🥀,Inform,Consonant
"what i'm saying is, don't do what dina did.",😅,Inform,Dissonant
"and while it worked out okay this time, it could have turned into serious injury, or death, or god forbid, a lawsuit.",,Warn,Plain
"and while it worked out okay this time, it could have turned into serious injury, or death, or god forbid, a lawsuit.",👎,Warn,Consonant
"and while it worked out okay this time, it could have turned into serious injury, or death, or god forbid, a lawsuit.",😅,Warn,Dissonant
"just stand there and make brown, like jonah?",,Taunt,Plain
"just stand there and make brown, like jonah?",🙌,Taunt,Consonant
"just stand there and make brown, like jonah?",😒,Taunt,Dissonant
"just stand there and make brown, like jonah?",👏,Taunt,Social
"well, i didn't actually do anything--",,Explain,Plain
"well, i didn't actually do anything--",😭,Explain,Consonant
"well, i didn't actually do anything--",😊,Explain,Dissonant
exactly. he just sat there and watched a guy rob the store.,,Criticize,Plain
exactly. he just sat there and watched a guy rob the store.,😠,Criticize,Consonant
exactly. he just sat there and watched a guy rob the store.,🙂,Criticize,Dissonant
thank you. that is what you should all do in the future.,,Thank,Plain
thank you. that is what you should all do in the future.,🙌,Thank,Consonant
thank you. that is what you should all do in the future.,😐,Thank,Dissonant
"thank you, jonah, for actually following protocol.",,Thank,Plain
"thank you, jonah, for actually following protocol.",😊,Thank,Consonant
"thank you, jonah, for actually following protocol.",🙄,Thank,Dissonant
what then? do you want me to just sit there and watch someone take a baby?,,Doubt,Plain
what then? do you want me to just sit there and watch someone take a baby?,😭,Doubt,Consonant
what then? do you want me to just sit there and watch someone take a baby?,👋,Doubt,Dissonant
what if the baby is wearing a bomb?,,Doubt,Plain
what if the baby is wearing a bomb?,😢,Doubt,Consonant
what if the baby is wearing a bomb?,😅,Doubt,Dissonant
then wouldn't you want him to steal it?,,Doubt,Plain
then wouldn't you want him to steal it?,🥀,Doubt,Consonant
then wouldn't you want him to steal it?,😇,Doubt,Dissonant
"oh, yeah. yeah.",,Agree,Plain
"oh, yeah. yeah.",😂,Agree,Consonant
"oh, yeah. yeah.",🙃,Agree,Dissonant
"yes, yes. and i'm so sorry.",,Apologise,Plain
"yes, yes. and i'm so sorry.",😠,Apologise,Consonant
"yes, yes. and i'm so sorry.",😇,Apologise,Dissonant
"you know, it just-it takes me forever to get going in the morning.",,Explain,Plain
"you know, it just-it takes me forever to get going in the morning.",😩,Explain,Consonant
"you know, it just-it takes me forever to get going in the morning.",😇,Explain,Dissonant
"i like to wake up when my body is ready, you know what i mean?",,Confirm,Plain
"i like to wake up when my body is ready, you know what i mean?",🙌,Confirm,Consonant
"i like to wake up when my body is ready, you know what i mean?",🙄,Confirm,Dissonant
"jerusha, how was it? i feel sick!",,Complain,Plain
"jerusha, how was it? i feel sick!",🤦,Complain,Consonant
"jerusha, how was it? i feel sick!",🙂,Complain,Dissonant
this little girl won't try and stop you.,,Taunt,Plain
this little girl won't try and stop you.,🙌,Taunt,Consonant
this little girl won't try and stop you.,😐,Taunt,Dissonant
this little girl won't try and stop you.,🤡,Taunt,Social
i'm just--i'm gonna go pay for it.,,Leave,Plain
i'm just--i'm gonna go pay for it.,😠,Leave,Consonant
i'm just--i'm gonna go pay for it.,🙂,Leave,Dissonant
hey.,,Greet,Plain
hey.,✨,Greet,Consonant
hey.,😐,Greet,Dissonant
"i don't think that's true. well, it is true.",,Oppose,Plain
"i don't think that's true. well, it is true.",😊,Oppose,Consonant
"i don't think that's true. well, it is true.",🙄,Oppose,Dissonant
i know it's true because i just looked it up.,,Explain,Plain
i know it's true because i just looked it up.,😂,Explain,Consonant
i know it's true because i just looked it up.,😐,Explain,Dissonant
okay.   so did he invent salad?,,Confirm,Plain
okay.   so did he invent salad?,😠,Confirm,Consonant
okay.   so did he invent salad?,😅,Confirm,Dissonant
ken? you're--you're here.,,Doubt,Plain
ken? you're--you're here.,❤️,Doubt,Consonant
ken? you're--you're here.,🙄,Doubt,Dissonant
"okay, um, look, maybe i wasn't clear, and that's my fault.",,Apologise,Plain
"okay, um, look, maybe i wasn't clear, and that's my fault.",😩,Apologise,Consonant
"okay, um, look, maybe i wasn't clear, and that's my fault.",😅,Apologise,Dissonant
okay. okay.,,Acknowledge,Plain
okay. okay.,👍,Acknowledge,Consonant
okay. okay.,😐,Acknowledge,Dissonant
"yes, thanks. yes, yes.",,Thank,Plain
"yes, thanks. yes, yes.",💯,Thank,Consonant
"yes, thanks. yes, yes.",😐,Thank,Dissonant
you're the cool kids.,,Praise,Plain
you're the cool kids.,🥰,Praise,Consonant
you're the cool kids.,😐,Praise,Dissonant
"oh, no. none of us get invited to that.",,Oppose,Plain
"oh, no. none of us get invited to that.",🥀,Oppose,Consonant
"oh, no. none of us get invited to that.",👋,Oppose,Dissonant
that thing is lame anyway.,,Complain,Plain
that thing is lame anyway.,🤦,Complain,Consonant
that thing is lame anyway.,🙂,Complain,Dissonant
"hey, what if we did something?",,Advise,Plain
"hey, what if we did something?",😡,Advise,Consonant
"hey, what if we did something?",👋,Advise,Dissonant
yes! all right.,,Agree,Plain
yes! all right.,😊,Agree,Consonant
yes! all right.,😒,Agree,Dissonant
let's do it! bowling night!,,Advise,Plain
let's do it! bowling night!,🥂,Advise,Consonant
let's do it! bowling night!,😐,Advise,Dissonant
yeah. maybe.,,Agree,Plain
yeah. maybe.,💯,Agree,Consonant
yeah. maybe.,💀,Agree,Dissonant
wow. yeah.,,Agree,Plain
wow. yeah.,😊,Agree,Consonant
wow. yeah.,😐,Agree,Dissonant
i can't.,,Oppose,Plain
i can't.,🤦,Oppose,Consonant
i can't.,👋,Oppose,Dissonant
"um, oh. uh, no.",,Oppose,Plain
"um, oh. uh, no.",😭,Oppose,Consonant
"um, oh. uh, no.",😅,Oppose,Dissonant
it's my first write-up. ever.,,Flaunt,Plain
it's my first write-up. ever.,❤️,Flaunt,Consonant
it's my first write-up. ever.,💀,Flaunt,Dissonant
it's my first write-up. ever.,💅,Flaunt,Social
so thank you so much for that.,,Thank,Plain
so thank you so much for that.,🥰,Thank,Consonant
so thank you so much for that.,💀,Thank,Dissonant
i just came over to ask you in the most polite way possible to please clean up the spill in aisle nine.,,Explain,Plain
i just came over to ask you in the most polite way possible to please clean up the spill in aisle nine.,👍,Explain,Consonant
i just came over to ask you in the most polite way possible to please clean up the spill in aisle nine.,😒,Explain,Dissonant
i'm glad you got written up. you are a bully.,,Criticize,Plain
i'm glad you got written up. you are a bully.,😞,Criticize,Consonant
i'm glad you got written up. you are a bully.,😅,Criticize,Dissonant
"well, i'd rather be a bully than a castrated garden gnome.",,Taunt,Plain
"well, i'd rather be a bully than a castrated garden gnome.",💔,Taunt,Consonant
"well, i'd rather be a bully than a castrated garden gnome.",👋,Taunt,Dissonant
"well, i'd rather be a bully than a castrated garden gnome.",🙃,Taunt,Social
"well, who knows what's under those little pants?",,Taunt,Plain
"well, who knows what's under those little pants?",😞,Taunt,Consonant
"well, who knows what's under those little pants?",🙂,Taunt,Dissonant
"well, who knows what's under those little pants?",🙃,Taunt,Social
"that's not the point. the point is, at least i'm not too weak to stop a simple robbery.",,Taunt,Plain
"that's not the point. the point is, at least i'm not too weak to stop a simple robbery.",🥀,Taunt,Consonant
"that's not the point. the point is, at least i'm not too weak to stop a simple robbery.",😇,Taunt,Dissonant
"that's not the point. the point is, at least i'm not too weak to stop a simple robbery.",🤡,Taunt,Social
that was an awkward situation. i could have destroyed that guy.,,Explain,Plain
that was an awkward situation. i could have destroyed that guy.,🤦,Explain,Consonant
that was an awkward situation. i could have destroyed that guy.,😇,Explain,Dissonant
with muscles like those? come on.,,Taunt,Plain
with muscles like those? come on.,✨,Taunt,Consonant
with muscles like those? come on.,😐,Taunt,Dissonant
with muscles like those? come on.,🙃,Taunt,Social
"your ass? yeah, uh, obviously, i could-sure.",,Agree,Plain
"your ass? yeah, uh, obviously, i could-sure.",🥀,Agree,Consonant
"your ass? yeah, uh, obviously, i could-sure.",😊,Agree,Dissonant
"oh. well, then come at me.",,Invite,Plain
"oh. well, then come at me.",✨,Invite,Consonant
"oh. well, then come at me.",🙄,Invite,Dissonant
"fight, guys. jonah's fighting dina.",,Inform,Plain
"fight, guys. jonah's fighting dina.",🔥,Inform,Consonant
"fight, guys. jonah's fighting dina.",😒,Inform,Dissonant
bullies just need to be confronted.,,Explain,Plain
bullies just need to be confronted.,🔥,Explain,Consonant
bullies just need to be confronted.,😐,Explain,Dissonant
"because if you were really a feminist, you'd punch me in the face.",,Taunt,Plain
"because if you were really a feminist, you'd punch me in the face.",💔,Taunt,Consonant
"because if you were really a feminist, you'd punch me in the face.",😊,Taunt,Dissonant
"because if you were really a feminist, you'd punch me in the face.",🙃,Taunt,Social
just stop. this is crazy.,,Prevent,Plain
just stop. this is crazy.,🤦,Prevent,Consonant
just stop. this is crazy.,🙂,Prevent,Dissonant
"are you okay? yeah, yeah, i'm good.",,Care,Plain
"are you okay? yeah, yeah, i'm good.",🥰,Care,Consonant
"are you okay? yeah, yeah, i'm good.",🙄,Care,Dissonant
"yeah, i got to go with the cop on this one.",,Agree,Plain
"yeah, i got to go with the cop on this one.",❤️,Agree,Consonant
"yeah, i got to go with the cop on this one.",😒,Agree,Dissonant
i just want to cover it up until the coroner gets here.,,Explain,Plain
i just want to cover it up until the coroner gets here.,🤦,Explain,Consonant
i just want to cover it up until the coroner gets here.,🙂,Explain,Dissonant
"i know we don't specifically promise no dead bodies, but we shouldn't have to.",,Explain,Plain
"i know we don't specifically promise no dead bodies, but we shouldn't have to.",😞,Explain,Consonant
"i know we don't specifically promise no dead bodies, but we shouldn't have to.",😊,Explain,Dissonant
"fine, just don't go touching the body.",,Inform,Plain
"fine, just don't go touching the body.",👎,Inform,Consonant
"fine, just don't go touching the body.",😊,Inform,Dissonant
"no, i just wouldn't do that.",,Oppose,Plain
"no, i just wouldn't do that.",👎,Oppose,Consonant
"no, i just wouldn't do that.",😊,Oppose,Dissonant
"uh, because i said you can't.",,Explain,Plain
"uh, because i said you can't.",😢,Explain,Consonant
"uh, because i said you can't.",👋,Explain,Dissonant
"all right, well, that should hold.",,Agree,Plain
"all right, well, that should hold.",🥂,Agree,Consonant
"all right, well, that should hold.",💀,Agree,Dissonant
is this worse?,,Doubt,Plain
is this worse?,😠,Doubt,Consonant
is this worse?,🙂,Doubt,Dissonant
like he's a dead employee.,,Joke,Plain
like he's a dead employee.,🥀,Joke,Consonant
like he's a dead employee.,👋,Joke,Dissonant
no.,,Oppose,Plain
no.,😩,Oppose,Consonant
no.,👋,Oppose,Dissonant
this is not a halloween display.,,Oppose,Plain
this is not a halloween display.,👎,Oppose,Consonant
this is not a halloween display.,😅,Oppose,Dissonant
that was the coroner's office.,,Inform,Plain
that was the coroner's office.,😡,Inform,Consonant
that was the coroner's office.,😇,Inform,Dissonant
"the point is, they're not gonna be here for a while.",,Emphasize,Plain
"the point is, they're not gonna be here for a while.",😞,Emphasize,Consonant
"the point is, they're not gonna be here for a while.",😊,Emphasize,Dissonant
"oh, come on.",,Complain,Plain
"oh, come on.",🔥,Complain,Consonant
"oh, come on.",🙃,Complain,Dissonant
"oh, thanks.",,Thank,Plain
"oh, thanks.",🥂,Thank,Consonant
"oh, thanks.",💀,Thank,Dissonant
"what do we got here, the lunch police?",,Joke,Plain
"what do we got here, the lunch police?",🤦,Joke,Consonant
"what do we got here, the lunch police?",😅,Joke,Dissonant
"take me downtown, officer bumblebee.",,Joke,Plain
"take me downtown, officer bumblebee.",😂,Joke,Consonant
"take me downtown, officer bumblebee.",🙄,Joke,Dissonant
"kelly, could you jump on register four?",,Arrange,Plain
"kelly, could you jump on register four?",💔,Arrange,Consonant
"kelly, could you jump on register four?",😊,Arrange,Dissonant
yeah.,,Acknowledge,Plain
yeah.,🙌,Acknowledge,Consonant
yeah.,💀,Acknowledge,Dissonant
i guess i can eat this on the way.,,Leave,Plain
i guess i can eat this on the way.,✨,Leave,Consonant
i guess i can eat this on the way.,😒,Leave,Dissonant
"yup, that's why they're made to go.",,Explain,Plain
"yup, that's why they're made to go.",❤️,Explain,Consonant
"yup, that's why they're made to go.",😒,Explain,Dissonant
"uh-oh, phone police.",,Joke,Plain
"uh-oh, phone police.",🤦,Joke,Consonant
"uh-oh, phone police.",🙂,Joke,Dissonant
you'll never take me alive.,,Leave,Plain
you'll never take me alive.,🤦,Leave,Consonant
you'll never take me alive.,😇,Leave,Dissonant
"there is something there that is extremely disturbing, and it may frighten you.",,Inform,Plain
"there is something there that is extremely disturbing, and it may frighten you.",🤦,Inform,Consonant
"there is something there that is extremely disturbing, and it may frighten you.",😊,Inform,Dissonant
"please, listen to me.",,Inform,Plain
"please, listen to me.",🥂,Inform,Consonant
"please, listen to me.",💀,Inform,Dissonant
"the housewares section is very, very scary.",,Inform,Plain
"the housewares section is very, very scary.",✨,Inform,Consonant
"the housewares section is very, very scary.",🙄,Inform,Dissonant
it will give you nightmares.,,Warn,Plain
it will give you nightmares.,🔥,Warn,Consonant
it will give you nightmares.,🙃,Warn,Dissonant
turn back before it's too late.,,Warn,Plain
turn back before it's too late.,😩,Warn,Consonant
turn back before it's too late.,👋,Warn,Dissonant
"no. no, no.",,Oppose,Plain
"no. no, no.",😢,Oppose,Consonant
"no. no, no.",👋,Oppose,Dissonant
you--you--you've been warned.,,Inform,Plain
you--you--you've been warned.,😭,Inform,Consonant
you--you--you've been warned.,😊,Inform,Dissonant
okay.,,Acknowledge,Plain
okay.,💯,Acknowledge,Consonant
okay.,😐,Acknowledge,Dissonant
with sal's passport?,,Taunt,Plain
with sal's passport?,😭,Taunt,Consonant
with sal's passport?,😊,Taunt,Dissonant
with sal's passport?,🙃,Taunt,Social
i am a master at make-up.,,Flaunt,Plain
i am a master at make-up.,😊,Flaunt,Consonant
i am a master at make-up.,🙄,Flaunt,Dissonant
i am a master at make-up.,💸,Flaunt,Social
"if i can make elias look like dame edna, i can make you look like sal.",,Flaunt,Plain
"if i can make elias look like dame edna, i can make you look like sal.",🥀,Flaunt,Consonant
"if i can make elias look like dame edna, i can make you look like sal.",🙂,Flaunt,Dissonant
"if i can make elias look like dame edna, i can make you look like sal.",💸,Flaunt,Social
"wait, why did elias want to be dame edna?",,Doubt,Plain
"wait, why did elias want to be dame edna?",😡,Doubt,Consonant
"wait, why did elias want to be dame edna?",😇,Doubt,Dissonant
although me just being here is illegal so it kind of cancels out.,,Explain,Plain
although me just being here is illegal so it kind of cancels out.,😡,Explain,Consonant
although me just being here is illegal so it kind of cancels out.,😊,Explain,Dissonant
i think...we should...,,Agree,Plain
i think...we should...,😩,Agree,Consonant
i think...we should...,👋,Agree,Dissonant
we agreed on a kitty cat.,,Complain,Plain
we agreed on a kitty cat.,🙌,Complain,Consonant
we agreed on a kitty cat.,😐,Complain,Dissonant
she saw the match before i could get her phone.,,Inform,Plain
she saw the match before i could get her phone.,😡,Inform,Consonant
she saw the match before i could get her phone.,🙂,Inform,Dissonant
"oh, okay, we need to  freaky friday  this.",,Joke,Plain
"oh, okay, we need to  freaky friday  this.",💔,Joke,Consonant
"oh, okay, we need to  freaky friday  this.",👋,Joke,Dissonant
"you need to find a cursed object, have a whirlwind romance with her, but then learn an important life lesson.",,Advise,Plain
"you need to find a cursed object, have a whirlwind romance with her, but then learn an important life lesson.",❤️,Advise,Consonant
"you need to find a cursed object, have a whirlwind romance with her, but then learn an important life lesson.",🙃,Advise,Dissonant
she sent him a wink.,,Inform,Plain
she sent him a wink.,💯,Inform,Consonant
she sent him a wink.,💀,Inform,Dissonant
"yeah, as long as they never run into each other in the store they both work in.",,Agree,Plain
"yeah, as long as they never run into each other in the store they both work in.",🥰,Agree,Consonant
"yeah, as long as they never run into each other in the store they both work in.",💀,Agree,Dissonant
you seem good.,,Care,Plain
you seem good.,🥂,Care,Consonant
you seem good.,🙃,Care,Dissonant
i had a bar this morning with like 20 grams of protein.,,Explain,Plain
i had a bar this morning with like 20 grams of protein.,😢,Explain,Consonant
i had a bar this morning with like 20 grams of protein.,😊,Explain,Dissonant
"no, no listen to your body.",,Oppose,Plain
"no, no listen to your body.",😞,Oppose,Consonant
"no, no listen to your body.",😊,Oppose,Dissonant
yeah.,,Agree,Plain
yeah.,💯,Agree,Consonant
yeah.,😒,Agree,Dissonant
"oh, no, no, i'm fine.",,Oppose,Plain
"oh, no, no, i'm fine.",🙌,Oppose,Consonant
"oh, no, no, i'm fine.",🙄,Oppose,Dissonant
yes.,,Agree,Plain
yes.,👍,Agree,Consonant
yes.,😒,Agree,Dissonant
you are so strong.,,Praise,Plain
you are so strong.,😊,Praise,Consonant
you are so strong.,😒,Praise,Dissonant
and i also think you are so brave.,,Praise,Plain
and i also think you are so brave.,💯,Praise,Consonant
and i also think you are so brave.,😐,Praise,Dissonant
thank you.,,Thank,Plain
thank you.,🙌,Thank,Consonant
thank you.,💀,Thank,Dissonant
so you'll have to do the make-up yourself for the trip back.,,Inform,Plain
so you'll have to do the make-up yourself for the trip back.,😠,Inform,Consonant
so you'll have to do the make-up yourself for the trip back.,😇,Inform,Dissonant
or you could just stay like this the whole time.,,Advise,Plain
or you could just stay like this the whole time.,😠,Advise,Consonant
or you could just stay like this the whole time.,😅,Advise,Dissonant
what? i was just saying she had really great skin.,,Explain,Plain
what? i was just saying she had really great skin.,🥰,Explain,Consonant
what? i was just saying she had really great skin.,🙄,Explain,Dissonant
that's stupid.,,Taunt,Plain
that's stupid.,🥀,Taunt,Consonant
that's stupid.,😊,Taunt,Dissonant
that's stupid.,🙃,Taunt,Social
i just think it feels really good and firm on my tongue.,,Explain,Plain
i just think it feels really good and firm on my tongue.,🔥,Explain,Consonant
i just think it feels really good and firm on my tongue.,🙃,Explain,Dissonant
"yeah, i was gonna get one, but they're like a hundred bucks.",,Explain,Plain
"yeah, i was gonna get one, but they're like a hundred bucks.",👍,Explain,Consonant
"yeah, i was gonna get one, but they're like a hundred bucks.",💀,Explain,Dissonant
"thank you, governor greitens.",,Thank,Plain
"thank you, governor greitens.",🥂,Thank,Consonant
"thank you, governor greitens.",🙄,Thank,Dissonant
i guess i could put it on my lawn.,,Advise,Plain
i guess i could put it on my lawn.,😢,Advise,Consonant
i guess i could put it on my lawn.,🙂,Advise,Dissonant
"chuck, what are you doing?",,Care,Plain
"chuck, what are you doing?",💔,Care,Consonant
"chuck, what are you doing?",😇,Care,Dissonant
how could i humiliate you?,,Doubt,Plain
how could i humiliate you?,💔,Doubt,Consonant
how could i humiliate you?,😇,Doubt,Dissonant
i barely talk to you.,,Explain,Plain
i barely talk to you.,🤦,Explain,Consonant
i barely talk to you.,😊,Explain,Dissonant
"hey, guys.",,Greet,Plain
"hey, guys.",😂,Greet,Consonant
"hey, guys.",😒,Greet,Dissonant
"you know what, kelly, i feel like i cut your break short.",,Apologise,Plain
"you know what, kelly, i feel like i cut your break short.",🥀,Apologise,Consonant
"you know what, kelly, i feel like i cut your break short.",😅,Apologise,Dissonant
this guy's playing mind games with me all day.,,Criticize,Plain
this guy's playing mind games with me all day.,💯,Criticize,Consonant
this guy's playing mind games with me all day.,😊,Criticize,Dissonant
i would never do that.,,Oppose,Plain
i would never do that.,💔,Oppose,Consonant
i would never do that.,👋,Oppose,Dissonant
i'm an ally.,,Emphasize,Plain
i'm an ally.,😊,Emphasize,Consonant
i'm an ally.,🙄,Emphasize,Dissonant
i never texted you.,,Oppose,Plain
i never texted you.,🙌,Oppose,Consonant
i never texted you.,💀,Oppose,Dissonant
stop lying!,,Prevent,Plain
stop lying!,😩,Prevent,Consonant
stop lying!,😇,Prevent,Dissonant
it was me. i did it.,,Explain,Plain
it was me. i did it.,👍,Explain,Consonant
it was me. i did it.,😒,Explain,Dissonant
"i took jonah's phone, and i was messing around.",,Explain,Plain
"i took jonah's phone, and i was messing around.",😡,Explain,Consonant
"i took jonah's phone, and i was messing around.",🙂,Explain,Dissonant
"and i accidently swiped right, and i just couldn't stop myself.",,Explain,Plain
"and i accidently swiped right, and i just couldn't stop myself.",🥰,Explain,Consonant
"and i accidently swiped right, and i just couldn't stop myself.",💀,Explain,Dissonant
and garrett had something to do with it too.,,Inform,Plain
and garrett had something to do with it too.,👍,Inform,Consonant
and garrett had something to do with it too.,😐,Inform,Dissonant
"uh, you know, it's fine.",,Comfort,Plain
"uh, you know, it's fine.",🔥,Comfort,Consonant
"uh, you know, it's fine.",😐,Comfort,Dissonant
i'm sorry.,,Apologise,Plain
i'm sorry.,😭,Apologise,Consonant
i'm sorry.,😅,Apologise,Dissonant
"oh, god. uh...",,Leave,Plain
"oh, god. uh...",😩,Leave,Consonant
"oh, god. uh...",🙂,Leave,Dissonant
you look adorable.,,Praise,Plain
you look adorable.,🥰,Praise,Consonant
you look adorable.,😐,Praise,Dissonant
"okay, here. take it.",,Arrange,Plain
"okay, here. take it.",🙌,Arrange,Consonant
"okay, here. take it.",🙃,Arrange,Dissonant
"destroy it, douse it with holy water, and set it on fire.",,Arrange,Plain
"destroy it, douse it with holy water, and set it on fire.",😞,Arrange,Consonant
"destroy it, douse it with holy water, and set it on fire.",😇,Arrange,Dissonant
"i'm not going, okay?",,Oppose,Plain
"i'm not going, okay?",😩,Oppose,Consonant
"i'm not going, okay?",🙂,Oppose,Dissonant
it's not worth it.,,Complain,Plain
it's not worth it.,😡,Complain,Consonant
it's not worth it.,😇,Complain,Dissonant
i don't like what's happening to me.,,Complain,Plain
i don't like what's happening to me.,🥀,Complain,Consonant
i don't like what's happening to me.,😇,Complain,Dissonant
i need to wash this all off before it's too late.,,Leave,Plain
i need to wash this all off before it's too late.,😢,Leave,Consonant
i need to wash this all off before it's too late.,🙂,Leave,Dissonant
"hey. dina, is something wrong?",,Care,Plain
"hey. dina, is something wrong?",😞,Care,Consonant
"hey. dina, is something wrong?",👋,Care,Dissonant
you know the rules. no religious crap in the store.,,Criticize,Plain
you know the rules. no religious crap in the store.,🤦,Criticize,Consonant
you know the rules. no religious crap in the store.,😊,Criticize,Dissonant
this is just a winter barn display.,,Introduce,Plain
this is just a winter barn display.,😡,Introduce,Consonant
this is just a winter barn display.,😊,Introduce,Dissonant
with a baby jesus and three wise men?,,Taunt,Plain
with a baby jesus and three wise men?,🙌,Taunt,Consonant
with a baby jesus and three wise men?,🙃,Taunt,Dissonant
with a baby jesus and three wise men?,🤡,Taunt,Social
that is a normal barn baby and three men of average intelligence.,,Introduce,Plain
that is a normal barn baby and three men of average intelligence.,😭,Introduce,Consonant
that is a normal barn baby and three men of average intelligence.,🙂,Introduce,Dissonant
"oh, wow. well, i feel foolish.",,Taunt,Plain
"oh, wow. well, i feel foolish.",🤦,Taunt,Consonant
"oh, wow. well, i feel foolish.",👋,Taunt,Dissonant
"oh, wow. well, i feel foolish.",🤣,Taunt,Social
i can't believe that i thought this guy was a wise man.,,Taunt,Plain
i can't believe that i thought this guy was a wise man.,😡,Taunt,Consonant
i can't believe that i thought this guy was a wise man.,😇,Taunt,Dissonant
i can't believe that i thought this guy was a wise man.,🤣,Taunt,Social
you're not that stupid.,,Oppose,Plain
you're not that stupid.,❤️,Oppose,Consonant
you're not that stupid.,💀,Oppose,Dissonant
"i mean, i guess if this was someone from the bible, you'd probably be pretty upset if i did this.",,Explain,Plain
"i mean, i guess if this was someone from the bible, you'd probably be pretty upset if i did this.",😡,Explain,Consonant
"i mean, i guess if this was someone from the bible, you'd probably be pretty upset if i did this.",😊,Explain,Dissonant
"wait, give me that! that's baby jesus!",,Prevent,Plain
"wait, give me that! that's baby jesus!",😠,Prevent,Consonant
"wait, give me that! that's baby jesus!",😅,Prevent,Dissonant
"oh, great.",,Praise,Plain
"oh, great.",🥰,Praise,Consonant
"oh, great.",😒,Praise,Dissonant
"narc alert. oh, it's the fun police.",,Taunt,Plain
"narc alert. oh, it's the fun police.",😊,Taunt,Consonant
"narc alert. oh, it's the fun police.",💀,Taunt,Dissonant
"narc alert. oh, it's the fun police.",🤣,Taunt,Social
"i mean, it's nothing personal, but--",,Explain,Plain
"i mean, it's nothing personal, but--",😩,Explain,Consonant
"i mean, it's nothing personal, but--",😇,Explain,Dissonant
"yeah, you just always act all lame and stuff.",,Criticize,Plain
"yeah, you just always act all lame and stuff.",😠,Criticize,Consonant
"yeah, you just always act all lame and stuff.",😊,Criticize,Dissonant
that was the tiniest sip i've ever seen.,,Taunt,Plain
that was the tiniest sip i've ever seen.,😊,Taunt,Consonant
that was the tiniest sip i've ever seen.,😒,Taunt,Dissonant
that was the tiniest sip i've ever seen.,🙃,Taunt,Social
"i mean, now you're just stealing my alcohol.",,Criticize,Plain
"i mean, now you're just stealing my alcohol.",😡,Criticize,Consonant
"i mean, now you're just stealing my alcohol.",😊,Criticize,Dissonant
"oh, hey, man. merry christmas.",,Greet,Plain
"oh, hey, man. merry christmas.",🔥,Greet,Consonant
"oh, hey, man. merry christmas.",😒,Greet,Dissonant
"oh, wow. thank you, garrett.",,Thank,Plain
"oh, wow. thank you, garrett.",😊,Thank,Consonant
"oh, wow. thank you, garrett.",🙄,Thank,Dissonant
"and i guess, you know, when you work with someone you also live with, things can be a little-oh, is that a-is this a bath mat?",,Confirm,Plain
"and i guess, you know, when you work with someone you also live with, things can be a little-oh, is that a-is this a bath mat?",😞,Confirm,Consonant
"and i guess, you know, when you work with someone you also live with, things can be a little-oh, is that a-is this a bath mat?",😇,Confirm,Dissonant
"yeah, i just figured it'd be something you could use based on the puddles by the shower.",,Explain,Plain
"yeah, i just figured it'd be something you could use based on the puddles by the shower.",😩,Explain,Consonant
"yeah, i just figured it'd be something you could use based on the puddles by the shower.",😊,Explain,Dissonant
or you could save some money and just quit it with the harmonica lessons on youtube.,,Advise,Plain
or you could save some money and just quit it with the harmonica lessons on youtube.,😞,Advise,Consonant
or you could save some money and just quit it with the harmonica lessons on youtube.,👋,Advise,Dissonant
"yeah, it would be. mm-hmm. yeah.",,Agree,Plain
"yeah, it would be. mm-hmm. yeah.",😂,Agree,Consonant
"yeah, it would be. mm-hmm. yeah.",🙃,Agree,Dissonant
which is why i lay my shoes on their side so that the soles don't touch the fabric.,,Explain,Plain
which is why i lay my shoes on their side so that the soles don't touch the fabric.,💔,Explain,Consonant
which is why i lay my shoes on their side so that the soles don't touch the fabric.,😊,Explain,Dissonant
"oh, you know, i think you're working too hard.",,Taunt,Plain
"oh, you know, i think you're working too hard.",💔,Taunt,Consonant
"oh, you know, i think you're working too hard.",😊,Taunt,Dissonant
"oh, you know, i think you're working too hard.",🤣,Taunt,Social
why don't you just take off your shoes?,,Advise,Plain
why don't you just take off your shoes?,😡,Advise,Consonant
why don't you just take off your shoes?,👋,Advise,Dissonant
"there's a dad here with his kid, asking where the store santa is.",,Inform,Plain
"there's a dad here with his kid, asking where the store santa is.",😢,Inform,Consonant
"there's a dad here with his kid, asking where the store santa is.",🙂,Inform,Dissonant
tell him to check the drunk tank.,,Arrange,Plain
tell him to check the drunk tank.,😢,Arrange,Consonant
tell him to check the drunk tank.,😅,Arrange,Dissonant
"guys, they drove an hour to get here.",,Inform,Plain
"guys, they drove an hour to get here.",😠,Inform,Consonant
"guys, they drove an hour to get here.",😊,Inform,Dissonant
"glenn, it's not like i hate christmas or anything.",,Explain,Plain
"glenn, it's not like i hate christmas or anything.",😊,Explain,Consonant
"glenn, it's not like i hate christmas or anything.",🙃,Explain,Dissonant
"so  winter wonderland  is okay, and-you want to see what christmas is all about?",,Invite,Plain
"so  winter wonderland  is okay, and-you want to see what christmas is all about?",🥰,Invite,Consonant
"so  winter wonderland  is okay, and-you want to see what christmas is all about?",🙃,Invite,Dissonant
"sorry, we're making up for lost time.",,Explain,Plain
"sorry, we're making up for lost time.",😡,Explain,Consonant
"sorry, we're making up for lost time.",😇,Explain,Dissonant
"oh, no, no, no. kiss away.",,Oppose,Plain
"oh, no, no, no. kiss away.",🥀,Oppose,Consonant
"oh, no, no, no. kiss away.",🙂,Oppose,Dissonant
"oh, there won't be a next tour.",,Oppose,Plain
"oh, there won't be a next tour.",😢,Oppose,Consonant
"oh, there won't be a next tour.",😊,Oppose,Dissonant
"okay, i was smoking something i did not know was meth.",,Explain,Plain
"okay, i was smoking something i did not know was meth.",👎,Explain,Consonant
"okay, i was smoking something i did not know was meth.",👋,Explain,Dissonant
"hey, uh, thank you for your service.",,Thank,Plain
